{
  "_fv": 69,
  "_type": "structure",
  "definition": {
    "structure": "hugepinapple",
    "projection": "rigid",
    "ignoredBlocks": [
      {
        "value": "Blocks.STRUCTURE_BLOCK"
      },
      {
        "value": "Blocks.AIR"
      }
    ],
    "spacing": 5,
    "separation": 2,
    "restrictionBiomes": [
      {
        "value": "CUSTOM:PinnapleFields"
      }
    ],
    "terrainAdaptation": "none",
    "generationStep": "VEGETAL_DECORATION",
    "surfaceDetectionType": "OCEAN_FLOOR_WG",
    "useStartHeight": false,
    "startHeightProviderType": "UNIFORM",
    "startHeightMin": 0,
    "startHeightMax": 128,
    "size": 1,
    "maxDistanceFromCenter": 64,
    "jigsawPools": []
  }
}