{
  "_fv": 69,
  "_type": "feature",
  "definition": {
    "skipPlacement": false,
    "generationStep": "SURFACE_STRUCTURES",
    "restrictionBiomes": [
      {
        "value": "CUSTOM:PinnapleFields"
      }
    ],
    "generateCondition": {
      "name": "PinapplePlantSpawningAdditionalGenerationCondition"
    },
    "featurexml": "<xml xmlns=\"https://developers.google.com/blockly/xml\"><block type=\"feature_container\" deletable=\"false\" x=\"40\" y=\"40\"><value name=\"feature\"><block type=\"feature_simple_block\"><value name=\"block\"><block type=\"blockstate_selector\"><mutation xmlns=\"http://www.w3.org/1999/xhtml\" inputs=\"0\"></mutation><field name=\"block\">CUSTOM:PinapplePlant</field></block></value></block></value><next><block type=\"placement_count\"><value name=\"count\"><block type=\"int_provider_constant\"><field name=\"value\">8</field></block></value><next><block type=\"placement_in_square\"></block></next></block></next></block></xml>"
  }
}