{
  "_fv": 69,
  "_type": "livingentity",
  "definition": {
    "mobName": "Pinapple Fish",
    "mobLabel": "",
    "mobModelName": "ModelPinapplefish",
    "mobModelTexture": "pinapplefish.png",
    "transparentModelCondition": {
      "fixedValue": false
    },
    "isShakingCondition": {
      "fixedValue": false
    },
    "solidBoundingBox": {
      "fixedValue": false
    },
    "visualScale": {
      "fixedValue": 1.0
    },
    "boundingBoxScale": {
      "fixedValue": 1.0
    },
    "modelLayers": [],
    "modelWidth": 1.0,
    "modelHeight": 1.0,
    "modelShadowSize": 1.0,
    "mountedYOffset": 0.0,
    "hasSpawnEgg": true,
    "spawnEggBaseColor": {
      "value": -205,
      "falpha": 0.0
    },
    "spawnEggDotColor": {
      "value": -6711040,
      "falpha": 0.0
    },
    "creativeTabs": [
      {
        "value": "MISC"
      }
    ],
    "isBoss": false,
    "bossBarColor": "PINK",
    "bossBarType": "PROGRESS",
    "equipmentMainHand": {
      "value": ""
    },
    "equipmentOffHand": {
      "value": ""
    },
    "equipmentHelmet": {
      "value": ""
    },
    "equipmentBody": {
      "value": ""
    },
    "equipmentLeggings": {
      "value": ""
    },
    "equipmentBoots": {
      "value": ""
    },
    "mobBehaviourType": "Creature",
    "mobCreatureType": "WATER",
    "attackStrength": 3,
    "attackKnockback": 0.0,
    "knockbackResistance": 0.0,
    "movementSpeed": 0.3,
    "stepHeight": 0.6,
    "armorBaseValue": 0.0,
    "trackingRange": 64,
    "followRange": 16,
    "health": 10,
    "xpAmount": 0,
    "waterMob": true,
    "breatheUnderwater": {
      "fixedValue": true
    },
    "pushedByFluids": {
      "fixedValue": false
    },
    "flyingMob": false,
    "guiBoundTo": "<NONE>",
    "inventorySize": 9,
    "inventoryStackSize": 64,
    "disableCollisions": false,
    "ridable": false,
    "canControlForward": false,
    "canControlStrafe": false,
    "immuneToFire": false,
    "immuneToArrows": false,
    "immuneToFallDamage": false,
    "immuneToCactus": false,
    "immuneToDrowning": false,
    "immuneToLightning": false,
    "immuneToPotions": false,
    "immuneToPlayer": false,
    "immuneToExplosion": true,
    "immuneToTrident": false,
    "immuneToAnvil": false,
    "immuneToWither": false,
    "immuneToDragonBreath": false,
    "mobDrop": {
      "value": "CUSTOM:Pinapple"
    },
    "livingSound": {
      "value": "entity.cod.ambient"
    },
    "hurtSound": {
      "value": "entity.cod.hurt"
    },
    "deathSound": {
      "value": "entity.cod.death"
    },
    "stepSound": {
      "value": "entity.cod.flop"
    },
    "raidCelebrationSound": {
      "value": ""
    },
    "entityDataEntries": [],
    "hasAI": true,
    "aiBase": "(none)",
    "aixml": "<xml xmlns=\"https://developers.google.com/blockly/xml\"><block type=\"aitasks_container\" deletable=\"false\" x=\"40\" y=\"40\"><next><block type=\"try_and_find_water\"><field name=\"condition\">null,null</field><next><block type=\"panic_when_attacked\"><field name=\"speed\">1.2</field><field name=\"condition\">null,null</field><next><block type=\"attack_action\"><field name=\"callhelp\">FALSE</field><field name=\"condition\">null,null</field><next><block type=\"swim\"><field name=\"speed\">1</field><field name=\"condition\">null,null</field><next><block type=\"look_around\"><field name=\"condition\">null,null</field></block></next></block></next></block></next></block></next></block></next></block></xml>",
    "breedable": true,
    "tameable": false,
    "breedTriggerItems": [
      {
        "value": "CUSTOM:Pinapple"
      }
    ],
    "ranged": false,
    "rangedAttackItem": {
      "value": ""
    },
    "rangedItemType": "Default item",
    "rangedAttackInterval": 20,
    "rangedAttackRadius": 10.0,
    "spawnThisMob": true,
    "doesDespawnWhenIdle": true,
    "spawningProbability": 20,
    "mobSpawningType": "waterCreature",
    "minNumberOfMobsPerGroup": 4,
    "maxNumberOfMobsPerGroup": 4,
    "restrictionBiomes": [
      {
        "value": "CUSTOM:PinnapleFields"
      }
    ],
    "spawnInDungeons": false,
    "raidSpawnsCount": [
      4,
      3,
      3,
      4,
      4,
      4,
      2
    ]
  }
}