{
  "_fv": 69,
  "_type": "biome",
  "definition": {
    "name": "Pinnaple Fields",
    "groundBlock": {
      "value": "Blocks.SAND#0"
    },
    "undergroundBlock": {
      "value": "Blocks.SAND#0"
    },
    "underwaterBlock": {
      "value": "Blocks.SAND#0"
    },
    "grassColor": {
      "value": -2490524,
      "falpha": 0.0
    },
    "foliageColor": {
      "value": -2490524,
      "falpha": 0.0
    },
    "waterColor": {
      "value": -2490524,
      "falpha": 0.0
    },
    "waterFogColor": {
      "value": -2490524,
      "falpha": 0.0
    },
    "ambientSound": {
      "value": "ambient.underwater.loop"
    },
    "additionsSound": {
      "value": "ambient.underwater.loop.additions"
    },
    "music": {
      "value": "music.under_water"
    },
    "moodSound": {
      "value": ""
    },
    "moodSoundDelay": 6000,
    "spawnParticles": false,
    "particleToSpawn": {
      "value": "EXPLOSION_NORMAL"
    },
    "particlesProbability": 0.5,
    "rainingPossibility": 0.5,
    "temperature": 0.5,
    "spawnBiome": true,
    "spawnInCaves": false,
    "spawnBiomeNether": false,
    "genTemperature": {
      "min": -0.5,
      "max": 0.5
    },
    "genHumidity": {
      "min": -0.0,
      "max": 1.0
    },
    "genContinentalness": {
      "min": -1.0001,
      "max": -1.0
    },
    "genErosion": {
      "min": -0.5,
      "max": 0.5
    },
    "genWeirdness": {
      "min": -1.0,
      "max": 1.0
    },
    "treesPerChunk": 0,
    "vanillaTreeType": "Default",
    "treeType": 1,
    "minHeight": 7,
    "treeStem": {
      "value": "Blocks.WEB"
    },
    "treeBranch": {
      "value": "Blocks.WEB"
    },
    "treeVines": {
      "value": ""
    },
    "treeFruits": {
      "value": ""
    },
    "defaultFeatures": [],
    "spawnStronghold": false,
    "spawnMineshaft": false,
    "spawnMineshaftMesa": false,
    "spawnPillagerOutpost": false,
    "villageType": "none",
    "spawnWoodlandMansion": false,
    "spawnJungleTemple": false,
    "spawnDesertPyramid": false,
    "spawnSwampHut": false,
    "spawnIgloo": false,
    "spawnOceanMonument": true,
    "spawnShipwreck": true,
    "spawnShipwreckBeached": false,
    "spawnBuriedTreasure": true,
    "oceanRuinType": "WARM",
    "spawnNetherBridge": false,
    "spawnNetherFossil": false,
    "spawnBastionRemnant": false,
    "spawnEndCity": false,
    "spawnRuinedPortal": "OCEAN",
    "spawnEntries": [
      {
        "entity": {
          "value": "EntityCod"
        },
        "minGroup": 4,
        "maxGroup": 4,
        "weight": 20,
        "spawnType": "waterCreature"
      },
      {
        "entity": {
          "value": "EntityDolphin"
        },
        "minGroup": 4,
        "maxGroup": 4,
        "weight": 20,
        "spawnType": "waterCreature"
      },
      {
        "entity": {
          "value": "EntitySalmon"
        },
        "minGroup": 4,
        "maxGroup": 4,
        "weight": 20,
        "spawnType": "waterCreature"
      },
      {
        "entity": {
          "value": "EntityTropicalFish"
        },
        "minGroup": 4,
        "maxGroup": 4,
        "weight": 20,
        "spawnType": "waterCreature"
      },
      {
        "entity": {
          "value": "EntitySquid"
        },
        "minGroup": 4,
        "maxGroup": 4,
        "weight": 20,
        "spawnType": "waterCreature"
      },
      {
        "entity": {
          "value": "EntityDrowned"
        },
        "minGroup": 4,
        "maxGroup": 4,
        "weight": 20,
        "spawnType": "monster"
      }
    ]
  }
}